{"island_feature_maps": [{"2-2-2": "e2bae59f-086d-4244-b725-8ccc955bcc8a", "0-4-2": "dd755164-c45b-4321-8fd6-2980087a752f", "1-4-2": "d3e5b8da-2aea-4ba7-bc64-42fcaec95621", "0-3-2": "1644c5c7-7556-4a81-ac9b-63fd1251b232", "4-0-2": "7cea89d7-7126-4fa7-99cf-67a0c53f52c0"}, {}, {}], "islands": [["7cea89d7-7126-4fa7-99cf-67a0c53f52c0", "dd755164-c45b-4321-8fd6-2980087a752f", "d3e5b8da-2aea-4ba7-bc64-42fcaec95621", "e2bae59f-086d-4244-b725-8ccc955bcc8a", "1644c5c7-7556-4a81-ac9b-63fd1251b232"], [], []], "archive": ["7cea89d7-7126-4fa7-99cf-67a0c53f52c0", "dd755164-c45b-4321-8fd6-2980087a752f", "d3e5b8da-2aea-4ba7-bc64-42fcaec95621", "e2bae59f-086d-4244-b725-8ccc955bcc8a", "1644c5c7-7556-4a81-ac9b-63fd1251b232"], "best_program_id": "7cea89d7-7126-4fa7-99cf-67a0c53f52c0", "island_best_programs": ["7cea89d7-7126-4fa7-99cf-67a0c53f52c0", null, null], "last_iteration": 5, "current_island": 0, "island_generations": [5, 0, 0], "last_migration_generation": 0, "feature_stats": {"score": {"min": 0.14999999999999997, "max": 0.6082784086458889, "values": [0.5759668322502477, 0.25, 0.35, 0.3, 0.5759668322502477, 0.35, 0.3, 0.5759668322502477, 0.14999999999999997, 0.6082784086458889]}, "complexity": {"min": 37.4, "max": 39.4, "values": [37.4, 39.4, 39.4, 39.4, 37.4, 39.4, 39.4, 37.4, 38.6, 37.4]}, "framework_id": {"min": 0.0, "max": 0.0, "values": [0.0, 0.0, 0.0, 0.0, 0.0, 0.0, 0.0, 0.0, 0.0, 0.0]}}}