{
  "id": "b53b7a55-952f-439a-9931-0d03d9d5877c",
  "generation": 4,
  "iteration": 34,
  "current_iteration": 90,
  "metrics": {
    "combined_score": 0.6422142857142857,
    "num_samples": 10
  },
  "language": "python",
  "timestamp": 1769726084.9972463,
  "saved_at": 1769741719.5207353
}