{
  "id": "b2a771b9-f046-4077-818f-284d20a8dfe6",
  "generation": 4,
  "iteration": 37,
  "current_iteration": 40,
  "metrics": {
    "combined_score": 0.5686190476190477,
    "num_samples": 10,
    "raw_scores": [
      0.28,
      0.74,
      0.595,
      0.64,
      0.5700000000000001,
      0.5714285714285715,
      0.51,
      0.5764285714285715,
      0.6383333333333333,
      0.565
    ]
  },
  "language": "python",
  "timestamp": 1769534349.1377437,
  "saved_at": 1769535017.6741762
}