{
  "id": "b4839b6f-0260-4c1f-961e-b3bd6771d395",
  "generation": 0,
  "iteration": 0,
  "timestamp": 1769618789.5512543,
  "parent_id": null,
  "metrics": {
    "error": 0.0,
    "timeout": true
  },
  "language": "python",
  "saved_at": 1769618864.2500777
}