{
  "id": "dba5da63-0b84-43b6-b0ea-57507600bdb5",
  "generation": 1,
  "iteration": 5,
  "timestamp": 1769083429.1369443,
  "parent_id": "04607a71-0731-4072-ba1f-f4da92f5d259",
  "metrics": {
    "combined_score": 0.6807291666666666,
    "num_samples": 8,
    "raw_scores": [
      0.75,
      0.875,
      0.41718750000000004
    ]
  },
  "language": "python",
  "saved_at": 1769086195.8914816
}