{"island_feature_maps": [{"2-2-2": "b7d46579-cfee-40d2-928b-846ac22c8d89", "4-4-2": "fad9e496-9a00-4b67-9d27-6e06549413d0", "1-4-2": "359b966f-3feb-4689-8148-4574d9295fd6", "0-4-2": "d96c66ed-8140-4d29-9539-2b816b2b2460"}, {}, {}], "islands": [["d96c66ed-8140-4d29-9539-2b816b2b2460", "b7d46579-cfee-40d2-928b-846ac22c8d89", "6638617c-a530-4d08-ba40-d4b073950211", "359b966f-3feb-4689-8148-4574d9295fd6", "fad9e496-9a00-4b67-9d27-6e06549413d0", "36bb4ec0-a389-4376-be11-e056352fe131"], [], []], "archive": ["d96c66ed-8140-4d29-9539-2b816b2b2460", "b7d46579-cfee-40d2-928b-846ac22c8d89", "6638617c-a530-4d08-ba40-d4b073950211", "359b966f-3feb-4689-8148-4574d9295fd6", "fad9e496-9a00-4b67-9d27-6e06549413d0", "36bb4ec0-a389-4376-be11-e056352fe131"], "best_program_id": "fad9e496-9a00-4b67-9d27-6e06549413d0", "island_best_programs": ["fad9e496-9a00-4b67-9d27-6e06549413d0", null, null], "last_iteration": 5, "current_island": 0, "island_generations": [5, 0, 0], "last_migration_generation": 0, "feature_stats": {"score": {"min": 0.0, "max": 0.763305855431254, "values": [0.548016796331385, 0.763305855431254, 0.731369281841649, 0.6206384830991615, 0.0, 0.0]}, "complexity": {"min": 37.4, "max": 47.0, "values": [37.4, 40.0, 40.0, 40.0, 47.0, 46.6]}, "framework_id": {"min": 0.0, "max": 0.0, "values": [0.0, 0.0, 0.0, 0.0, 0.0, 0.0]}}}