{
  "id": "64339121-4530-4fc7-9238-59b3cc31ab6b",
  "generation": 2,
  "iteration": 8,
  "current_iteration": 10,
  "metrics": {
    "combined_score": 0.5519791666666667,
    "num_samples": 10
  },
  "language": "python",
  "timestamp": 1769718521.4295974,
  "saved_at": 1769719536.3840606
}