{
  "id": "af10b932-3d5b-45bf-a513-6d41dd6c21b0",
  "generation": 0,
  "iteration": 0,
  "current_iteration": 5,
  "metrics": {
    "combined_score": 0.6875,
    "num_samples": 8,
    "raw_scores": [
      0.75,
      0.875,
      0.4375
    ]
  },
  "language": "python",
  "timestamp": 1769111277.4447718,
  "saved_at": 1769111919.7448118
}