{
  "id": "dba5da63-0b84-43b6-b0ea-57507600bdb5",
  "generation": 1,
  "iteration": 5,
  "current_iteration": 15,
  "metrics": {
    "combined_score": 0.6807291666666666,
    "num_samples": 8,
    "raw_scores": [
      0.75,
      0.875,
      0.41718750000000004
    ]
  },
  "language": "python",
  "timestamp": 1769083429.1369443,
  "saved_at": 1769084485.772486
}