{
  "id": "a0eebdeb-2bf9-4699-8561-8ec19ede148c",
  "generation": 1,
  "iteration": 10,
  "current_iteration": 15,
  "metrics": {
    "combined_score": 0.749404761904762,
    "num_samples": 8,
    "raw_scores": [
      0.875,
      1.0,
      0.3732142857142858
    ]
  },
  "language": "python",
  "timestamp": 1769112491.2332237,
  "saved_at": 1769113118.5803447
}