{
  "id": "72e1c7aa-3869-4f03-9bfc-0f2c89a9812d",
  "generation": 3,
  "iteration": 19,
  "current_iteration": 30,
  "metrics": {
    "combined_score": 0.9541666666666666,
    "num_samples": 8,
    "raw_scores": [
      1.0,
      1.0,
      0.8625
    ]
  },
  "language": "python",
  "timestamp": 1769113598.7628417,
  "saved_at": 1769116129.4345014
}