{
  "id": "ed387cfb-1229-4f4c-b463-0155f44a49bd",
  "generation": 0,
  "iteration": 0,
  "current_iteration": 5,
  "metrics": {
    "combined_score": 0.49626154714850373,
    "num_samples": 10,
    "raw_scores": [
      0.48000000000000004,
      0.4064285714285715,
      0.5391666666666667,
      0.5521739130434783,
      0.5145833333333334,
      0.5610119047619048,
      0.679,
      0.5444285714285715,
      0.42272727272727273,
      0.2630952380952381
    ]
  },
  "language": "python",
  "timestamp": 1769523629.3014967,
  "saved_at": 1769524521.5169365
}