{
  "id": "b53b7a55-952f-439a-9931-0d03d9d5877c",
  "generation": 4,
  "iteration": 34,
  "timestamp": 1769726084.9972463,
  "parent_id": "d9d3de03-0944-4344-9f03-d66ff3036c4d",
  "metrics": {
    "combined_score": 0.6422142857142857,
    "num_samples": 10
  },
  "language": "python",
  "saved_at": 1769744779.3318408
}