{
  "id": "987ddb1e-9828-4a20-b9d8-12c9b773d2a1",
  "generation": 1,
  "iteration": 7,
  "current_iteration": 35,
  "metrics": {
    "combined_score": 0.5342142857142858,
    "num_samples": 10,
    "raw_scores": [
      0.48500000000000004,
      0.48,
      0.645,
      0.655,
      0.4700000000000001,
      0.6578571428571429,
      0.77,
      0.4492857142857143,
      0.45999999999999996,
      0.27
    ]
  },
  "language": "python",
  "timestamp": 1769524922.3890655,
  "saved_at": 1769533784.7683275
}