{
  "id": "0056b85b-23bc-4a7b-b748-4f8030b4e05e",
  "generation": 2,
  "iteration": 11,
  "current_iteration": 15,
  "metrics": {
    "combined_score": 0.5918392857142858,
    "num_samples": 10
  },
  "language": "python",
  "timestamp": 1769719812.040421,
  "saved_at": 1769720911.710525
}