{"island_feature_maps": [{"2-2-2": "d22c41ef-5e5e-4a1d-8683-6115c81449d7", "0-2-2": "7bf66f70-814a-45d7-a939-34bbfc5bee06", "3-2-2": "3b0e2ef0-2e91-480b-84c5-6e94e1463f3c", "4-4-2": "2b3baad2-2caa-430e-810b-e3064161427b"}, {}, {}], "islands": [["7bf66f70-814a-45d7-a939-34bbfc5bee06", "d22c41ef-5e5e-4a1d-8683-6115c81449d7", "2b3baad2-2caa-430e-810b-e3064161427b", "c17309ff-338e-4949-bcf7-d09d679c527d", "3b0e2ef0-2e91-480b-84c5-6e94e1463f3c"], [], []], "archive": ["7bf66f70-814a-45d7-a939-34bbfc5bee06", "d22c41ef-5e5e-4a1d-8683-6115c81449d7", "2b3baad2-2caa-430e-810b-e3064161427b", "c17309ff-338e-4949-bcf7-d09d679c527d", "3b0e2ef0-2e91-480b-84c5-6e94e1463f3c"], "best_program_id": "2b3baad2-2caa-430e-810b-e3064161427b", "island_best_programs": ["2b3baad2-2caa-430e-810b-e3064161427b", null, null], "last_iteration": 5, "current_island": 0, "island_generations": [5, 0, 0], "last_migration_generation": 0, "feature_stats": {"score": {"min": 0.711703666899449, "max": 0.9134106056295432, "values": [0.8835826990762456, 0.711703666899449, 0.8032066287166973, 0.8835826990762456, 0.8835826990762456, 0.711703666899449, 0.8032066287166973, 0.8383847315327443, 0.8849203374272302, 0.9134106056295432]}, "complexity": {"min": 36.6, "max": 36.9, "values": [36.6, 36.6, 36.6, 36.6, 36.6, 36.6, 36.6, 36.6, 36.9, 36.9]}, "framework_id": {"min": 2.0, "max": 2.0, "values": [2.0, 2.0, 2.0, 2.0, 2.0, 2.0, 2.0, 2.0, 2.0, 2.0]}}}