{
  "id": "4fc4fe26-dbf6-4408-816c-d2ff75eaf323",
  "generation": 0,
  "iteration": 0,
  "current_iteration": 5,
  "metrics": {
    "combined_score": 0.546139880952381,
    "num_samples": 10
  },
  "language": "python",
  "timestamp": 1769715449.8892357,
  "saved_at": 1769716712.8665078
}